Dim.1,Dim.2,Dim.3,Dim.4,Dim.5
2.198033755583565,-0.010116817744773654,-1.4979149116229709,0.2940119170421656,-0.7736513914612632
3.1090668511299073,-1.28897265350411,-2.2120874782987374,0.672974688975112,0.6251329136755426
0.1401775027494707,-1.8867248848450577,-1.6476320681357743,0.687241826048374,-0.7146502611306894
2.969852797318865,0.05356613844436392,-2.853075304351443,1.159646148149537,-0.18596814525881886
0.37676099674728963,1.18317177453815,-1.71535034660467,-0.8673591859504801,-0.6637630326083352
-0.7356002956719652,3.242642142569051,-1.880339190982698,-1.4192456921093914,-0.1635788687570386
-1.6737247405291495,2.4452278956961178,-2.284628416081418,-1.2779792699359773,-0.18771432497798546
-1.4010106623823642,4.184812807371252,-2.671896493431727,-2.014203172829374,-0.3318239181176166
-1.7956462884825333,5.148758899331555,-1.5403078724729173,0.34297785417142745,0.8921165743731775
0.29809488529328254,3.4976944171483173,-2.286545335154632,-0.6637974481174135,0.33557019025562745
3.8492118538274274,3.344435148403762,0.7227777099520933,-1.09044792466144,-0.10855951437511538
2.3306015246291603,3.813732316853047,0.8460240112042229,-0.9796524712377292,-0.8226346331290714
2.0963820029014815,2.093308895375602,-1.2737658258768818,-0.1392001197463576,-1.4512291734120566
-0.449429727486356,1.940341316076142,-0.7500927448405499,-3.163772779652012,-0.9235959301187214
-0.6243772991872198,1.001105340579903,-0.7430774904066402,-2.480780616263527,-0.7910248556025263
-0.7662325254418153,0.43559836277534464,-0.3906718824888552,-1.8389675991227805,-2.3983001054222006
-1.1937914938142224,-0.008242528309225403,0.3704375048441111,-2.263318278491045,-2.927284157873603
-2.7182688454074033,-3.0324371098259513,-4.0953157278512515,-1.4096441386847745,1.6926175101438645
0.489727879874734,-0.8787528491746068,-4.523428053623126,-0.984520786499491,1.3747440582344677
-1.7009604640370881,-2.3775494302021714,-3.8324933111165302,-1.2156979194252064,2.4836027610163542
-0.26508014774384603,-0.4864090507396648,-5.936409648834771,-2.0910118155593596,2.106063136647187
-0.549743553397423,-0.3986894068447135,-5.174703437633197,-0.16690014785080867,1.755563551356217
-0.608300164589035,-2.394506672016781,-6.623129179145593,-1.5717142346446908,0.518941752427147
0.8419453081517135,-4.137225765494718,-5.070127304647843,0.35653860928930203,1.190876133987087
-1.7979962841024435,-2.912259042109117,-7.25518372393609,-1.3194904062424422,1.1889948621026951
-1.2877628526817355,0.2777208184962088,-5.076778060214617,1.1061606840456213,0.28531912992695596
2.1678818252321177,2.3219150551001273,1.0575999622159538,-1.3667605622854597,-0.18416637880470169
4.357225998105753,1.1093206496056591,0.014723067247850535,1.1265132026270595,-0.3092404959734576
1.9686689321763524,1.0078729406987028,1.2867593329171414,-2.0343829818215116,-0.05975659823647007
-0.526279749413914,2.6712602431800097,-1.971751059696504,-1.2635710021100701,-0.9718877401473928
-2.737436391991082,3.188446808369188,-0.8737777625577512,-2.4636847072317636,-0.5226926668068442
-2.305934154218501,3.477660648768184,-2.1702835063427632,-2.1601603956812157,-1.8072807762095948
6.714886336565611e-5,1.8980470542388028,4.146813926511795,-3.6050218699083247,-1.2558234535763277
-0.03590424653057885,1.7841783001425577,2.541449176930003,-3.1197451878097584,-0.8464093649178299
-0.8656705607226435,2.699437009559119,-3.7464619197220403,-0.8608976965702584,-2.297313939694778
-0.15610843804838567,1.4610125591351495,-3.3836525518350693,-0.5198802601013873,-1.1567474819051815
-1.7524363751495922,1.6812955899485134,-2.168568964298985,-1.2431328062629234,-1.3166952489607966
3.3754032936286955,1.3513370115849919,1.0300814132466056,-1.4798772326412954,2.8172674371506896
1.529265344383673,1.1007803989330707,-0.18475555754634482,-1.771376036565555,2.5386479007051475
3.545877676589772,1.3898845321073239,1.7808321002942613,-1.3692283348144052,1.3661579769386065
2.2983524294399755,-0.4543791632339937,0.4510874946204131,0.036920206726943766,-2.3056905886691403
2.1565449645828556,2.464623444849534,2.3844091062328707,-1.225117708193552,-2.369820090799122
2.5949917795534025,1.6012871958466448,2.054521709379439,-1.226640189644968,-2.172055625300348
-2.6727818147852775,-1.4570876124875338,-3.828905875605158,-2.3409327324045828,2.5045228745978068
-1.8831020733139263,-5.0988913908589755,-3.711912492067797,-1.57535228445705,1.5025008350369458
-5.152326805215776,-0.8851491970392729,-2.5685824962449533,-3.22046119512051,3.018523437578226
-7.588148459332568,-1.5479320804495396,3.541200024919768,-3.3026055484545846,1.8620888216593807
-3.458659297833778,-2.460417363916436,0.5157526816605533,-2.3053397716441943,1.3642261558400202
-3.3974709875025777,-2.0463191323813357,-3.349221956546164,-2.4074640526876334,2.418139224695593
-9.457720221851703,-0.1611720791076711,0.8610591875226093,-3.930749310693131,3.520601184315754
1.4076240542861385,-0.684972458031861,-3.226525905493739,-0.4227102078346256,2.690802910819758
0.6808357177086115,-0.9490410399199455,-3.450641260237364,-1.0990824343362293,3.081780632507672
2.8504495131774745,-1.0506370410355659,-3.731194552644298,-0.9501570954933981,3.7401818039267383
0.030537081484587458,-3.025801126016882,-2.9294813058821623,-1.0378892607396195,1.8086837619474767
0.3440857796162271,0.5602466153217837,-3.6530394527277146,-2.7987826114814403,3.543170660203343
0.6722149340090582,2.7807460035028058,-0.32982521087665057,-3.7711605006550957,4.121761722505119
1.2543830088185992,-3.41735884141963,-1.6816946241576303,0.18533296833703308,1.6114072420005885
3.4470433143048163,-0.3100256041977776,-3.67408014329596,0.007222227196171664,2.854962606675986
-0.09373011780905685,0.9193378118120019,-1.690955992409086,-2.3746118096123374,2.92835920850086
-0.08551253227917653,-2.6483621547670855,2.9370363837804394,-0.04303337361284921,-1.8521649274009797
-0.803810218976029,0.6851803540730167,3.5293968714729598,-0.8852226460465203,-1.3348581903758392
1.019074227554587,2.4934411015075124,-0.3462580538369626,0.062445910082120366,-0.9781233078792942
3.071050541016569,-0.8313776882059303,-1.7247766067825197,1.2093041066560055,0.96137748239221
2.650418425987134,-0.47911644697449235,0.14748060455312584,1.1216107803323248,-0.5473409349144233
3.455007382420943,1.9026172838526534,1.072892823892936,1.9333134645380918,-0.33351530333101054
1.3073977351731465,1.820611978964598,0.931147888104303,-0.9969102935974207,-3.8869836593940956
-0.4680036217578267,2.1770863243432155,-1.3967723207898934,-1.8305115756347583,-4.8806271873669065
1.0413417548148804,0.48584544638435245,2.508444147816486,0.03884315522092668,-0.3306988387226748
2.035795593841147,1.8970917691310418,-0.20939133204552082,0.01648734173102219,-0.6699293865296576
3.6309691489203364,4.015140125248609,1.177342817368366,0.5464204056271726,-0.19756070954708166
2.762563417163751,-3.7507676204906852,1.6790849810796227,1.9203024235990709,1.3665878854221072
5.309151857499008,0.3224740372852311,1.4406006692495434,1.7974226412948584,1.4247343566411326
2.160236903491662,2.254425298135,0.6021380855773891,-0.10830256170752614,-0.4132170884045597
3.0577959624185023,2.2197415108321974,-1.2948255911089184,0.2477240420236463,0.43700222977253234
5.602470883561708,0.7068575843838929,-1.6550888100301162,1.7357681227332136,2.2591214841877583
0.26174365244591835,1.7053674697623766,-0.8028109054021746,-0.456233702853854,-2.232754597311209
0.052354871451423514,3.6440486916635475,0.48944363193875134,-2.0805670147619253,-1.1080880254248644
2.1265306635834005,3.329781170968184,-0.6874714740846106,-0.14484885240550827,-0.6350222046640608
6.106936007700403,2.4022352216902685,3.0193304594409374,-1.1163109242457274,-1.2706388329264917
3.7727302795531954,0.9281510002083067,0.7158027816738189,-0.02408422524169172,-0.8236175056651677
-4.401042628846326,5.094328973262671,-1.9552231607016402,-0.7648357640246873,-0.9608284799211839
-3.3379401468834273,2.4146556455387005,-3.673407977005407,-2.29371991772984,-0.18359762055251172
-2.3623659748803583,2.1009434601273775,-2.1942380549394285,-3.017894257562711,-0.6411945929902612
-1.8015991099646003,2.796585741773539,-2.7622096001331675,-2.1561233352772757,-0.5088111052308792
-0.12979864646084122,-3.0702731389491857,0.057668385765859156,-0.36723490587361246,-2.166099157380411
-0.04148256694206539,-0.447666742244856,-0.18475409945623844,-0.6489322987904909,-1.6572933893968893
0.03039961165982164,0.41037877861728767,0.47833805891586717,-0.8472188781389168,-1.2933532113591328
1.3177219350996883,2.4509862274799104,-1.6986576858292615,-1.2029746956561183,-2.034696604487043
2.3082951466875117,0.601075490890818,-1.8150604934801373,0.3471285797117425,-0.8186385417875053
2.7544575431812923,-0.4058680205712491,3.7474299459104574,1.0353423261507522,-0.3468537659230912
4.923688170551091,0.2718444920129356,1.665407757451952,1.8025968103398895,0.15386501616165243
3.5536135440514984,1.8058862567546572,1.6259132365795537,1.149067426901278,-1.4607139181619928
3.554481628721289,2.8773455566264374,4.881181822276211,-1.3376263468483078,-0.5561106743197107
4.928277410142092,-1.0273427839759504,3.7808235904166474,1.5625615706306928,1.1264220580062883
4.049409793192544,3.810044521106026,1.905798533115619,0.5243229800625585,-1.0531335148993122
1.6763292970690782,1.7413540187166308,1.4940801174922533,-2.249733058911062,0.24085482457292595
1.919605850774696,1.5077658282352682,-0.14618330016463074,-1.9984803538417042,0.963338989028614
2.071999335577331,3.86018758701768,1.7132464374362608,-1.9793971474993353,-2.003380965828149
4.016087441651762,3.2258640082832724,2.4739208736967497,0.061521101614287685,0.1899003189660063
0.6255977468067414,0.2608659469104866,1.1573515826085792,0.45517866749950703,-1.9022045518963184
1.3019261805773643,-0.5580471288231416,1.1937364823423513,0.40550685640720174,-1.6649198284315156
0.16558151112082484,3.2376318152229557,-1.7295269342034474,-0.049007432376459964,-3.14353108204148
-1.343878506198305,3.448264923231814,-1.5318665235572886,-0.9449614575748483,-1.3090010223216766
3.397811771225532,0.91937522994054,-2.5574828060523673,2.677360541596342,-3.1750354058038703
-0.6134648984978703,-1.020897951531814,-0.17383256941999245,-0.2938472696778042,-0.6038107996493539
2.1743705099382633,0.9927687578033254,-1.485427438092379,-0.12983026528162123,1.4491729978578034
5.022204902144252,-0.4750402641710081,1.1958686961968872,0.7313395213402827,1.8425569542628966
4.0699569466820975,2.392466502686571,-0.5534641077962866,1.66661714656458,0.05739621558198962
0.1981957869687002,1.4788393195385454,-2.1709881996927938,-0.288838438830181,0.4564573198235204
0.9283347932395345,1.9163085454192614,-1.1270549876382197,-0.7411148741500663,-0.7195677200602509
1.5254475081600392,2.3388178653894873,-1.9742035909711722,-0.18001307970494432,-0.2116255686012366
1.1233999766962526,1.6478476258473447,-0.19919442203453874,-0.07371993074767219,1.044051775666543
1.1027357839542307,1.5277267485193105,-1.7094671723241417,-0.3360414383558025,0.5295387184752073
1.4165160818487554,-0.6941331487572474,-1.27923237382884,1.1913291749751205,-0.4414955393790214
-2.086110358138222,0.9552571472712765,-1.7954479652917676,-1.0512018732974528,-0.4570919575323551
-0.3159091285173909,1.9743711198376033,-1.5150824974373942,-0.06335275283033373,-1.9910297469320997
-0.16124937981065027,2.598954558430376,-2.876221187468466,-0.6495556984944307,-2.490332466733518
3.6723572539107754,-1.7000192882195355,3.8626761456079195,1.3617142211274156,-0.7918013273439259
0.25011620623066416,-2.2372126841150495,3.664809913928777,-0.005849946193983078,-1.3524597043488094
3.119825587763523,-1.2783325787517965,2.8431222857511496,1.1905753700875237,-0.6753444560582055
2.688527640094617,-0.47083572976945,4.150408000045099,0.14561042567374513,-1.2106951901418004
3.7680432083496624,-1.6708528748854818,3.2688010692360763,1.7101076983377692,-0.6609948671292168
4.2226052499957625,0.9598524120454747,3.957424439024529,0.551899384360908,-0.7778969370281866
2.72253410689124,0.37195084722500266,3.4055910291955325,0.21267099407593992,-1.437137049202704
3.9048249760415175,1.358957668119196,3.8180087769008826,0.9264667881231117,-0.5847109357232597
-1.705862055429846,-0.8880454761427444,-1.752031208657411,-2.0572598968363756,2.6693434331840944
1.1074995889124954,0.3918808601728062,-2.6213501673355997,-1.8227535768272074,2.607398364909619
1.9558727443026886,-0.3596307003986245,-2.195105698552494,-1.2341380091667247,2.054722431513211
2.1092780318700486,1.4193349232152797,-0.8079509088097674,-2.82122347278184,2.7632357386392044
2.7079570647197837,1.2721679464132538,1.532708981376167,-2.498472063664524,3.1048038810008434
-0.676241684509769,-0.8026709884843075,-1.396005905181668,-1.9761284262117806,1.7627364958011744
-0.024353035593306108,-4.032994370978249,3.5611413204651057,-0.9112041208774383,0.623306660757612
2.6974022116906844,-2.8857715236230814,3.3299579745570598,0.19997149251887028,1.9581601766438426
0.5800703379174592,-5.5509028251983805,1.198140427939545,-0.7862977644261389,-0.7491879285757971
-3.0717950817733892,1.1054278581420411,5.366735019872524,2.120852625573903,-0.8590417250457667
4.13597189582212,-0.5772063870403905,0.8914716471291692,0.06621597821568363,2.2644698645651067
5.268789476210636,-2.8835705399216978,2.7976814451136525,1.3542501959099111,2.5386440151916547
3.9335728587861323,0.023887539949819712,1.8622205949678068,-0.05568834695034216,2.6187240912239487
2.7982566700575444,1.607928772657763,2.1239127729560057,-1.8495981388071923,1.2362412513761736
-0.40403052955037605,-2.241363397588548,3.841575536085803,-1.4872646671732956,0.6422702598473038
4.9583340608179105,-2.757866338539983,2.8385776815430868,0.5996410973319262,1.1341675363032608
2.7649568085522205,0.894562809761753,2.539253183878594,-2.3534412155924764,-0.7550034687756204
2.458648135456203,0.3607351409009441,0.9151688451969793,-2.053704426417923,-0.7849733143799356
2.025495168046698,-5.636934965788571,1.2399465647135923,1.6286386519700546,0.5335706353872568
-1.4521541669899138,-5.989110827690461,3.7497940567189203,-0.4831481507369148,-1.1744246900087816
1.0138510003395158,-2.6000218546223217,5.661329175361979,-0.5972536929190907,0.9164063422562396
1.7373453225468243,-0.012678368524083099,3.3814799277180203,-0.4395735654790806,2.121826244211105
5.929642781513104,0.6329120232393558,1.3879337727767802,0.5169393603045186,3.4791071146090515
4.48689369136934,-3.280171455020581,2.855581240081407,1.3562176880916068,1.3223465047402365
1.0850436379288704,-2.977779595164041,3.375596356709015,-0.4060634660446401,-0.735880437682851
5.2177713794503315,-2.3093895553107457,-1.706572619677767,1.3424923989566901,2.408764087991463
5.30782183428826,0.7629999895016099,2.208562181645213,-0.24588590486771422,1.397299861966045
1.6186425328191762,0.5980349784193664,-0.08031382314143702,-1.423044370064407,0.41630189819220553
3.405294901398138,3.3812897741175845,0.4827218076927719,-0.9299769517976667,2.1129663092548028
2.961718532174199,0.40142895271672085,1.577484605024976,-1.3573079618644697,0.5273208070167013
-0.31285242900835225,-1.9984981645275053,-0.16396176867344311,-1.0753406411912365,1.7080644607568247
-5.135019716709193,-3.3588814617661873,3.5910306290425726,-2.4476205649045992,0.496185693203725
1.8471207744293103,-3.0485794032347107,0.587268688929901,0.0515567358295765,0.5860867487174757
4.872564822462023,-0.9126694349920095,0.5743469002853693,0.3933735324732314,3.685347109899745
2.790288962527826,1.5570502390891994,0.15334065310156314,-2.179398344565681,3.125443897507997
0.3880099765047403,0.9520937652500485,-2.4763916873453296,-2.310379821049019,2.9634613519098694
2.0687566642130473,0.5060645412002505,-1.9375838142984798,-1.1855900214666864,4.18872712192294
0.7049444494162129,-0.6038849852563162,0.12284370155493708,-1.0966451421713683,2.313714961919235
-0.09432445390654332,-1.3334922698536888,-0.6870322388015024,-1.051822065909497,1.716522915181437
1.8061327695826443,-3.52581453263432,5.4885931099521725,1.7701381409496688,-0.16325712633378164
3.1690740330179943,-4.693488193318892,4.490914427999565,2.4575048574743557,-0.565283204296901
3.22224077849421,-0.290346352486303,3.3538206856677055,2.0346095116077327,-1.0989160787548087
3.9301625309977153,0.6110817149583362,2.647801753076098,1.9324791889216733,-0.5709697581733382
5.224210604406389,-0.5543158905740609,2.0789082715994702,4.0996192409759376,-0.4956864096182358
3.0291157207063644,0.982091092636495,1.689558215898289,2.0376146037264258,-1.3087338928179992
3.190179875088514,-2.2062591432133885,0.3519982478045984,2.1242328942783577,0.4330547898436766
0.9439606056355002,-5.053145771647616,5.913986700446763,0.9247126186369776,0.11382968981238097
0.7395177603167964,3.1152825789061716,0.29281837065337507,0.14510728201338738,-1.3286189511825623
4.078739536583783,4.7013789600033755,0.58825591740894,1.19501500839467,-1.488377004098776
-2.709963863698452,-2.9214068116530063,2.0315382528335673,-0.561327210526791,-0.9698707686746879
2.8937932025158783,0.6671022111549844,0.547719016705567,1.2488512897199737,-0.6346219432250146
3.6168804211387484,0.8884535807809762,0.7758111239318746,1.6827090871255115,-0.036348922329212635
2.558758109366354,1.3153200883238028,1.0490476751915403,1.3350450040098054,-0.5469755461613011
1.8408589568328275,-0.3623987871988771,-0.5081764224958255,0.6864587041008996,-0.9114188486986468
-0.24941975721900617,-6.814236467767431,2.3447999104240806,0.358822188883864,-0.3182345461670748
-0.5838980293331723,-0.8849681195288879,2.1674609273871193,-1.3130650454900308,0.228206617647244
-3.656982708189969,-2.1415049029137894,3.3130590073596142,-2.5230564521786962,-0.5054517807963673
2.3878567285651124,-1.3194293500274832,1.6243745401972176,0.11696139616342834,0.27494702568265766
4.051650030063553,-2.4924533497597623,2.0811690124715394,1.1964833661932228,1.2839927035855176
1.2631027597136881,0.40774957596919315,-2.605625192489931,-0.3243184706726088,0.5624730594932067
3.183382994640565,2.050717756317395,-1.5254864263387347,0.9036204377093358,0.31689963829187456
0.9864566367513122,-0.05892900440123216,-1.2502959902982083,-0.2536455338742035,-0.3419986360676996
3.4113197706271707,-0.5655013102713703,0.6967886847673587,1.3558775505050884,0.389243181279611
1.4777951919033037,0.21267011119037157,-1.2292927438317225,0.3544606083083437,1.5017296282727681
0.6632098102383679,2.2766221624035583,-0.062131032001652,-0.69934722517801,-2.6305870128223097
-0.17208784347543646,2.1757719503169994,-0.7595593621294842,-1.005773780565265,-3.8430242095717344
0.9383261107640384,2.1876790646949256,-0.30300160123521497,-0.8173479186512765,-2.0724948091763973
6.023040263310544,0.7443283641220718,2.334308948539466,-0.07447869344045051,2.092715572749153
7.212055492984903,-1.1713309594345442,2.3988958263287974,0.37147733349721707,3.3080222813737645
7.022523492560688,1.2786558635109022,4.663001570535236,-1.3343791719477054,1.637668112001404
0.8622127476329141,0.35822042921492253,0.4748062223754157,0.5236322703787997,-0.7976230374748771
1.1582086037380295,2.2081154575018287,-2.1368102714743795,-0.3753467062846017,-0.7030012639642462
2.21749419658044,2.2220198877422552,-0.9003415459534838,0.4697304505399157,-1.5311312419013114
-2.697929000930378,-0.6980554365635024,0.6879833427611947,-2.0654108792251984,-0.8042737943007586
-4.665660861203959,-1.2005591122584447,1.3329049837203293,-2.752464508879193,-1.5304092077819647
1.0004449838005243,-1.715131264313423e-4,-1.0568805713407938,-0.40777694027827,-0.33015077912161706
3.550570650670671,0.8375369184178375,-0.3451975974999241,0.39807064455459684,1.4044676171539603
4.0785647466906765,2.162690169712529,-0.8367609244465591,1.829319836715002,0.4780543271635712
5.623969561297415,0.81023903544351,-1.7629027712763412,2.6051331223317367,0.48814005180735237
5.602504599048963,2.331779493504957,-0.5766367223553837,1.61838196686863,-0.7076436103140658
2.754145127425038,2.490302718076559,-0.27454674490736736,-0.26348500001592734,-2.2283581275547824
-0.6316527018117476,-5.836277518642325,2.232706403486999,0.5278091604760522,-1.7326973847328047
0.04716643941833306,-6.4567833470817,4.53925129420206,0.904941828274174,0.20309302623050737
1.2662360405311281,-2.9849678972088847,4.92062813370714,1.1850552217029389,0.723058115335772
2.0473506550221896,-2.6366553353285878,5.655317515530659,1.47279374463625,0.08082672042222792
6.0212902513997495,-4.149645501014205,3.6357336884787896,3.973294397198723,1.7244357339040435
5.952663114833153,1.712370408109941,2.6795211662498244,3.9212478168221776,0.4528309824769411
5.872401180124377,-1.427869873965512,-0.28492852238284805,3.0049305826112436,0.5406859237143211
2.0788026757000515,0.826968356578635,4.2130994948781355,0.6366969795659754,0.2109352745798257
7.103837703051525,-0.3080200591826175,1.5944943881142195,3.8648405601588878,2.163421711477349
6.517831796060339,-2.507307471966894,2.9304776566857367,4.624358559967931,0.9411365516670007
-0.2251593236417003,-2.1800082593059242,0.21709899237267577,0.38864272408352674,-1.5047784072620298
0.6716462539633692,-0.5327478752956143,-0.06320633802436566,0.45877951908931514,-0.422155275628386
0.2976074398849382,1.8003186549455368,-1.5181171410865932,-0.6664718963827606,-1.7573583747660313
-0.8652025276221434,2.0081833851257906,-2.668933979056444,-0.9587137279526184,-0.5413039972254758
-0.3166246370589043,1.5964663168488398,-1.8691209245576372,-0.6824212819907577,-1.325615961443133
-0.38075975576379634,-0.9230525869874211,-0.01892258804917677,-0.055635124178477303,-1.3004431614341438
1.7547683871879052,0.6301751868345729,1.8870203236305427,-1.928360168689862,-1.2629466065029586
1.9060414485793888,1.990385642713899,2.9020067674574133,-1.7833139016883603,-2.5110171850364003
2.5708721787596573,0.8857519763649754,-0.2172514229514866,-1.675540094592313,0.9318288834726478
1.425987895779317,2.173746021504355,-0.9708005075289886,-2.4840308037292442,0.36013995951564826
0.8841467052637394,1.6688678419127785,-0.7387322136513443,-2.1022857421470653,0.03651273166698914
1.05373590073853,1.3988891379808401,0.8240407301149547,-2.965241987962609,-2.8313997722689463
1.0900594208115706,-2.639420560350994,1.87839344518563,1.8189465647171574,-1.1928419285234315
2.624950793986271,-1.1310495239317926,2.4710986893927647,2.555153030204236,-1.1627225305238194
0.7469050293467707,2.382766064058434,-0.0874332011493923,0.5203837426761859,-2.369712784739466
0.9104963668526399,0.6193710861901508,-0.6077376545066387,0.9920050713436535,-2.3091516701218775
0.9409582261979895,-0.4715494141726918,0.7527508250756342,2.360398892510219,-2.581876940253419
3.6387009119991585,0.002590942276069039,1.4156835335662097,3.638959671787393,-1.3278335508234764
1.4047536367873246,-0.9405282143528968,1.5053506214804686,1.7287692386503428,-2.0983432160360214
2.4030994869311337,1.606069498074504,0.21761253649923715,1.6206758710268676,-1.4397551165835392
3.4834495514019306,1.0966359123645488,-0.5490109099793403,2.7700313700293924,-1.260084376700196
5.376830943986161,1.6368176495113032,0.5297981518783991,2.4967521661803698,0.4673687147873859
2.257347620982561,1.0484677788952053,3.2153679981743655,0.2409820633529835,0.24629352818749664
-2.185424183757303,-0.6040307340110775,-1.4090847794793828,-0.4843587279164947,-0.4104148604283631
-1.7033197666464672,-0.8983573149875637,-1.5000887299910417,-0.47804072558718125,-0.6410893294607765
-0.3854380353954779,1.385905171468231,-2.6503792745602146,-0.322631231593866,-0.4551166030249805
-0.5573060795951307,1.1871169747399846,-2.0144100594913588,-0.6725100392039017,-0.4270560467474766
0.34279176887561985,2.583000264021405,-4.077049168633933,-0.727792074989865,-1.0499333312691874
0.12903175038735668,2.792490985810498,-2.064378509782034,-0.21889195937230846,-2.0014365036339483
-1.9309868403736203,3.936848802037264,-3.0780874227181747,-1.9831114824298186,-1.3176747492632985
0.7039481733588148,0.7054166838145095,1.0875840622172117,1.5411570199561568,-2.8648626549818488
1.59168575119762,0.5586945956111586,0.23988015106460325,2.2137853452740965,-3.06116818013104
1.4783459222576463,2.704564873734405,0.03683950980115258,2.2678611257341905,-3.883321617763903
-0.49341185805114623,-1.8823524265281484,1.6284125583987406,0.2710325634872128,-0.25312568985996337
-2.2444800207007116,-2.6713721380453004,0.867125306396739,-0.4133559859051052,-1.6193293429610973
-1.230899930287673,2.639743491835747,0.29495717764444285,-1.5516647271636501,1.4617951232656685
2.2389326284791435,2.567971757920338,-0.9445627199512405,0.5707891994429926,1.0962314805345785
0.8230950659492874,1.822675130578242,-0.661070216025142,-0.437822801685198,-0.3746173587928517
0.21111808578047755,2.651630244798024,0.31876359566895773,-0.7242792909681162,1.3249673418734618
0.4569701639424726,2.4922934393098206,-2.067582763429766,-0.6464863224118403,-0.6417620800084637
-1.350272450658744,2.6629180061606106,-1.9041960760488463,-1.872427903736186,-1.7597290675073238
4.826040246065494,-4.23567517996264,0.24114227399799773,3.1397915208534757,0.3705193590781775
5.34071326292182,-1.0161266601174115,1.1908488170739162,2.2920846817456995,0.8575070859136195
4.047197185283079,1.8750558638043726,0.831430534758085,1.9098437614605563,-0.7153333846157337
5.518085602382734,1.133565938881165,0.7361720294936193,2.54474750388865,0.7530095253874477
0.46869233133353255,-1.427501709629353,2.10541941641396,0.16755837472741258,-0.6772453271425724
3.8930191470036197,1.6960222507706406,2.0861182969933134,0.8468791085090117,-0.2171506219219633
-0.48267349639062507,0.29878688392033104,-0.23700799837993053,0.126628765002883,1.3943495914483781
-1.2104226978415134,-0.2580114843688194,-0.9010809527032905,0.10020236739971469,-0.6913945417328331
-1.4747694088741439,-0.6279176586685683,-0.6201543887707235,-0.23532048923147944,-0.402128932065755
1.4962566415361265,3.2248837087753968,-3.3458194097414022,0.245378564636869,-0.7682491662445049
-0.1485401351572922,3.4082493962910307,-3.237958677085703,-0.08053646160386961,-0.9475029888727698
-4.0301929307761855,2.2695029443866175,-2.15239293769443,-1.9337352760757032,0.6407701943770717
0.23892984903071438,2.702260805754299,-2.264289061508596,-0.3012034383404511,1.373752293424154
-1.304973589170251,2.5395868384041744,0.38738916444896493,-0.45232557849845345,2.207868998309939
1.7933737210904974,0.18337915819011044,-1.018009741581518,1.76027907776633,1.1157220210156897
0.3462309584962733,2.0704956791819815,0.552468701891856,-1.6329603249684739,-0.5364780839632424
2.0451346611860965,3.6792591800024788,0.04580333870409866,-0.9270504129085848,-0.48343156711473684
-5.2791345529763625,-2.215501537231882,3.7112985422138505,-2.2518604484466866,0.4247710009857818
-2.195632079543418,-1.3269773131959974,3.887850085020697,-0.8628804047933394,1.592795981293763
-1.8225243080213687,2.6994548836571934,-1.5336378890028939,-1.820215259382759,3.102538982254292
0.4418692765869224,-3.482985494439364,0.44441984851126054,1.1641861709271537,1.2999733113391942
1.84562667670853,-0.048571042927681725,0.3611919867869465,-0.05657386136889682,2.038672915948075
1.8931234678500124,-1.8212896701855874,-0.6108071990333974,0.09284984758587464,0.5629232291803213
-3.251034426986164,-1.7102733530176608,-0.2952618844982743,-1.0193731532147265,0.05001441200376596
-6.880041440778831,1.300619350528239,1.444922406425144,-1.7754549819023933,1.3666267417835063
-1.6312471725039446,-4.550484346398517,-0.5813900269052401,0.716007781770711,0.41710453185983865
-3.493291238922199,0.06105236300627517,-0.48420010688150994,-0.6347424813126746,1.4292924340639532
-0.7387427624785147,-0.685429512468143,2.1611987179933583,-0.145525311220485,1.9555040533352293
0.8202913347364273,3.267553645306619,-1.3328538122011182,-2.933541637257659,3.0619298914308364
-1.0039054284107796,3.855749361093004,1.2390835606057515,-0.5517152082289938,1.3052713367996638
2.593031651863148,2.9275893549764915,-0.9191407467954706,0.5907075408649861,1.1453366849914988
2.340764678777439,2.308001446292193,-0.6515343528385328,0.651069856494229,1.0411902099867156
-0.7446339732865382,3.7006037052230822,0.48160801017613225,-4.52386032276794,3.4803718855487458
-2.507303853304345,1.65106189102138,-0.6842085912498699,-3.050255210712064,1.5027574863432436
-0.01230809419726896,2.876294813257595,-2.150223382971076,-1.2454394582282529,2.004239267938618
-1.2671261965287597,3.9860622594871042,0.1991383460868272,-5.672561163364359,3.959830869178845
-0.12250690339607785,3.5701909456942764,1.2530693536275248,-9.409955396326822,6.008234850065243
-1.5029254770211469,1.4087289374923346,-0.5095197696083411,-3.911323844772301,2.680913117766491
0.3885950584353065,3.435749555219981,-1.5676647361211817,-0.6313368034998956,0.19729083264495492
0.790091188725938,4.844280149375552,-2.2437233724769987,1.2820105425445736,0.49488672029876324
-2.534987528387766,2.5168343077534288,-0.4306711656629223,-1.8198616027206396,0.6823605233470262
0.8723160468582052,0.11194926436116576,-3.400973710649374,1.467710707688512,0.2758743443985796
-1.1335095288373758,1.4030295191937614,-1.9915580162597584,-1.101217567678736,-0.4645823981590513
-0.3039873299072998,1.884308347189817,-2.2372099200030005,-1.1944252688811117,-0.3175737925563361
-0.8998588826222885,2.5849796234327904,-0.7286808128153847,-1.8058494301328598,0.3902463465023737
0.053249534223352706,1.4906599704452017,-0.6101524748886217,0.39934114627670164,-2.823254169975594
-0.4816708510223552,1.5690597636047479,-2.814862938165666,-0.8115904540432586,-2.559820629886191
0.7763540899824836,2.7179807082504928,-0.13642118969403924,0.41681477682271884,-2.637420602589185
3.396087076873333,3.318219024435259,-2.1598428993282575,0.08559309599366978,1.946942879251061
0.6955502878125783,0.6644747932793971,0.28579032682987027,-0.19428951912283454,0.5988526624277646
-1.6806712005565012,4.105642941305052,0.8149241492723472,-4.716358099444463,3.993949143427711
1.5159060198586816,2.179850955559712,-1.895215492458027,0.8492729578312981,-0.33402950532128656
-0.038904931449272255,1.8577817549908047,0.39951900178962296,-0.6440598660925209,1.8336268646880922
2.5732387133361403,3.3551849886688334,-1.2441815754804013,-0.12420062741756345,0.9048885147432952
-0.28203915479549013,2.9065426812190687,-1.3030916200186295,-0.8284427419904262,2.3781282164335487
1.182613211902445,3.723118280844709,-0.2766879164426183,-0.5752294381741133,1.6226936583232003
0.0011083050275731798,2.177760799550927,-1.0045759721546594,-2.367186232744684,1.2823828489714129
-0.34312325237938446,4.645852695138256,-0.7924164479580832,-2.2527723571954135,2.886502218458579
-1.1745670024248802,3.76665322660908,-0.10324625133802885,-2.9924392646810696,4.118519819655406
0.22434282725670177,4.304615745406041,-0.20917253752693357,-2.056466034533516,3.7250236150298623
0.780803546236105,0.17778638107175015,3.1839289252728107,-0.09714696948918865,-0.2875303463871742
4.932388154299873,2.8696251643301927,2.44453290111056,0.28793806764868485,-0.9784339954747899
3.1147219228000185,-1.9313714175633265,1.8327075150352639,0.7180742879077497,-1.2900169584912036
5.52061107997064,1.6700889560492778,2.9207584380927964,0.8380106314075181,0.21338135633663347
5.692011501788363,3.5191041536730303,1.8652966760677252,0.083654512052214,1.1554712462829
0.4267017535854985,-1.3117433239479062,1.6421658129908743,-1.9047041013832207,-1.1177597046992305
2.8052331482102715,-1.0663482675527387,1.5271102667108896,-1.4961503379825387,-0.18257894303456412
3.2789494466122187,0.9930367379796755,2.543077920144109,-2.522799027783687,0.5129737787420189
6.992755288051868,3.9069788661701357,5.825740821691064,-2.94153909197618,-1.367252134112057
4.322864211325513,-1.3572071746575838,2.781831239232397,-0.41788022697103716,1.1491583733183226
7.038084776327514,-0.3274312158845722,3.6476941266474814,0.8458574326464016,0.18365493301794988
3.221583714797716,1.2999912655547032,2.9242535258958946,-2.4157471313035375,1.254197789940572
3.159705148165864,0.9513508789934773,1.2452053262102722,-2.148391070136522,1.2007246925160076
-1.9676008061124042,0.39235077488890613,-1.3167325415791493,-2.4642208865673747,1.291110337655957
1.6925000098739962,1.4424612050998078,-2.564182861935638,-1.378817748122696,3.7506294587712783
0.9827746419034576,1.9681566603196075,0.6183623968345703,-1.584722284178269,1.4654481730995663
2.9627817636770164,1.5870238855906327,-0.6110054117152159,-0.9751138675632773,3.1151030683935548
-4.525661885625392,-4.403906815455764,2.056639301459755,-1.8108443549438895,-0.739437021565967
-2.973685120321883,-2.5803922600146723,1.9372320797892335,-0.5947044530437494,-0.3292806352424931
-2.8710519008572453,-2.209576597585912,0.6181360357938802,-0.6642970600523007,-0.5681890405299584
1.6204743436216797,-2.281185023473613,-2.4682715073012806,1.747166819457765,0.2701725139309338
3.947003776682407,1.589512022305092,-2.377305207849958,3.0462303272454454,0.6361062555349662
2.925517736909203,0.9122505792788099,-2.6505719254788604,2.1408148772302233,0.06921508668144134
2.431166573862688,2.746060729060373,-3.3898648744146556,1.923735036982452,-1.3693333558904102
2.7722175718750743,3.0255367879062818,-4.365242592395435,2.526335221137906,-0.3165269252505319
1.6414699154567205,0.2723344794275601,-3.51780213349873,1.6503151068797322,0.14677169208106333
-0.40644697626201737,0.3635126745215304,-2.461861095870459,0.7587625252527971,-0.8884759301485603
2.7426898844460483,1.1701973341408491,-2.6992062165968624,2.290567909043202,-0.5553598174775016
1.562662780739966,0.7436136981101596,-4.87746298856064,1.6949476699134634,-0.6042149274049369
3.5842059889339,2.2433222800214785,-3.037049105179105,2.000418398705062,1.3406144554182118
-1.5293414513580907,-0.8318788338175385,-1.5104458374381609,0.5699936036442326,-1.087044399855752
0.31819474481949267,0.8241707370608032,-2.412263279973002,0.9969632718697549,1.0296868152354053
-1.6563778247267533,-4.704046465419047,1.647028253530177,-1.1732587582274643,-1.0755568149538
-1.4342358932660542,-6.320347879702322,2.490730921422793,-1.3207422289936086,-1.2567809452769898
-1.577356312833675,-5.18495337467713,3.4394886585391817,-1.2898664146691112,-0.9466779406652781
-0.26065764063295,-7.2992627743621155,-0.3111992028264363,-0.3342439824887938,-1.7593737017233644
1.1696587826799547,-5.673995896564313,-2.4325251931144676,0.8615670611567795,-0.9928808816991589
-2.0122070872252107,-3.2006723177497376,3.214271877752425,-0.4917520759318003,1.510947701126033
-4.638813954616505,-1.518434098895854,1.140093740634266,-1.5779708731784123,0.40353409186413114
3.5796147240654084,-2.845306952494698,-2.990710758997953,1.5502673711044679,0.1659206007381579
2.2516868616282966,-1.5966711654206107,-2.6090991328297246,0.7938610077189485,0.09051188465974926
3.4449980377210725,-3.6512405542729547,-2.681003626350343,1.7531185901948663,-0.5336069805221214
2.174537368364875,-1.479747134209082,-1.4518858710466445,0.3488953370271317,0.5791115177441065
0.46555347392278434,-4.480218628962852,-1.4421742929290096,-0.16339743830302553,-1.2583643832776947
-0.13543327729092663,-2.012721884293456,-1.8273472395537877,-0.4015838524038508,0.6999170365911448
-4.215941360425523,0.4956311750872427,1.7651180467265162,-2.276347512287111,1.3393198406544264
3.2254732645626314,3.9164669832272536,-1.2101997757802945,1.1384160933314305,-0.913325725168198
3.1787762421911223,4.814975509662266,-0.9187310438487448,0.9179015093824174,-0.16484362860522336
0.6815387093795123,0.038207858941557614,-0.44859452597722993,0.20219710151880732,-1.996495512829252
2.185184519098384,2.8082803591056367,-1.6541963113815763,0.3812236191124288,-2.288433010220181
1.9895213770156157,2.0064424629090527,-0.2281637734325087,0.39671785741871846,-1.1720269308252604
2.1947745130880767,3.2996035750313384,-0.9520404387077518,0.3449279982349003,-1.0052716460480648
1.3902694159234112,1.8295544378342132,0.40950321750860874,0.4402211487840285,-0.08388701754356451
0.44619932049321215,0.33665727947204455,-0.09759470310452956,0.7179777196469671,-2.838081976742813
0.9566843757368841,2.252887820169106,1.4755877432842683,0.93274537381993206,-1.5365442202732886
1.949471918011282,3.4028489556612187,-0.37026557364117896,1.2926851162136896,-1.0614613695542634
1.4807894419767096,2.121335632848958,0.6730777105363949,1.0574702003983987,-1.9155063907483227
1.6470911595293927,1.631310479408396,-0.5891450966058807,1.6609936623329302,-1.593005062812914
2.7819342171731627,-1.4989906451083015,-1.4401415331333147,1.1338064159468344,-0.3220871181766832
1.2340407617970521,-0.044250210229109715,-1.4011238863881967,-0.37665651094908315,-1.5714688716308205
1.3958676362820197,0.007511853079890654,-0.8163770530003915,-0.922238396017369,-1.4859056881386716
0.5308563424705904,-1.8143694861949085,1.4565610354311287,-0.5061260237457411,-0.81807709099325
4.504294922526932,-3.431864594238788,-1.6424255327178237,3.376780327020052,-0.025830601355267123
3.275056730200734,-3.402410224686069,-0.6381784956071415,2.2302585865453204,-0.18123165654186033
2.872181552461959,-0.5314407018881597,-1.804535939656986,1.1265007776584355,-0.774790165356466
0.7245950966149851,-1.4861165095532956,-1.840645718730436,1.4089106108999108,-0.4062865406966643
3.628736178578964,-0.7489185343331495,-2.133018455914951,2.557847912545808,0.18624358415637163
0.4840362453487495,-1.4368329557474802,-2.2497762541047748,0.8161100467388179,-1.256942804502236
0.39372892567312634,-7.967928847421813,-0.19479160101450352,1.82412437507318,-0.3857290771509094
-1.1943225110385165,-9.337159774119522,-1.9463232423553587,0.02248490139310393,-2.585332494769733
-2.4878055456956862,-6.93506878092028,2.102818464307867,-0.19533510467403714,-1.633073634536065
-2.133833574271814,-10.223622257400466,-7.620009852694844,-0.24494951330191256,-2.5919965177344713
-2.1520630730514254,-7.87582162775264,4.804485090066284,-0.3756927255254197,0.058609368885893756
-2.059559854668946,-6.0681497905348545,6.453300190548065,-1.0624300682454753,0.5882013267275145
-0.9862598215257689,-8.088420762488564,4.503233336506449,-0.138511956644885,-0.44135049981048147
-0.8687020055166624,-2.5219925385681874,4.189221323157118,3.0744305021593314,-0.76604017814252
-1.9164142306056018,-4.178053491532073,3.983891364631066,-1.0690517641312602,-1.0169966105311368
-2.0777657482439422,-4.992617327022182,3.6755828888690263,-0.9147207321145436,-1.2866058818535406
-1.2017633264637932,-8.161589930454454,1.5833714975459454,-0.15947901437915568,-2.047010948793722
-1.2852770236107038,-9.605965669016722,-3.4310765471688187,0.33153970124468424,-2.749557959843318
-1.0856294299197171,-7.630799266974348,-0.8502823173757522,0.4660716154033965,-2.2163916100689813
-1.796197573767962,-10.527311527669898,-8.509531959114804,0.1845594079913441,-3.3845829253505815
-2.627935018710115,-4.473455677927401,5.762739400797883,-1.6120570387712494,0.8073758600295992
-4.142075893338568,-4.7196966491231835,4.677138839455841,-1.9194821789046022,1.100404255662584
-5.808802877284575,-3.3131748059791892,4.9425461243129964,-2.4282303475098557,0.1969962927195001
-2.732071878281564,-6.910098766077936,4.638319752332916,-0.9146303457323851,-0.7695236733121381
-2.7672274146755544,-3.738526337358379,2.3041198392014213,-1.0775925245719307,-1.2497875169746542
2.332938373017481,-1.527774536804611,-0.7101854329388666,0.9488527676503229,-0.1418083523656294
-2.151513459920975,1.628877480543488,4.367192519975219,-2.728629858647629,0.6579420337034132
0.34246618052892674,2.8682734577705085,2.8791255753300136,-0.7511654917952453,1.217655942871176
2.663593573697403,2.6524707460168813,0.8241178203517849,0.36972530708917584,0.6601908506834429
3.455902541349761,2.8486923779185886,-1.0009408830994129,0.05769358600365393,2.3915738130342414
0.49369954130668353,-0.23322162252998466,1.2186457986341992,-0.3130620686104189,-0.1271857876891758
-3.088383129334517,2.2440424127068384,2.2730524304514748,-3.781946855668273,0.35761148634789797
3.0309466377685004,2.907259897726979,0.1389437484820036,-0.17128775571861135,0.7916484750561245
4.793657861749028,2.2079148238781405,-0.7306627334191803,1.5246156547900198,1.1824110349085304
-2.4876675631935776,-0.8847355054431666,-1.2644154484784014,-1.1094498001625297,-0.746820738277932
0.2614853967568141,-1.5961695211142533,-2.684484728344819,-0.4475531983483641,-1.2829942406079016
-0.35909631882165866,0.9514340762029609,-1.2467041598964241,-0.8718052919083241,-0.8966137528483978
1.2121218795847202,1.599624824888553,-3.585026564242573,-0.14779209804308854,-0.6127356701728747
0.2833441391840186,1.993117449495174,-1.8914242032126078,1.516092727285649,-0.27318025923755745
-1.0441382609112888,0.9529296252259659,-1.3625038349179295,-0.8865225594846637,-0.3220867142376775
-0.5666714975130226,-0.6470002017369568,-0.8396479116294546,-1.537376559307064,0.9247397059644987
0.3355878971876346,-1.8962777735561847,-0.5280481449213029,0.6370328132265879,0.1754708603586798
0.015020924568609316,-0.49062650495960936,-1.6352878957457377,-0.05196193988520593,-0.23012581594026355
-2.2399834638944136,-1.3052836257734224,1.4082053130542012,-0.5082231897470302,-0.1243431913805574
-2.755024525699167,0.7465160304503106,1.1978457059258496,-1.1023297732759765,-1.6839941452495473
-0.13005738548282594,-7.209057441234153,-4.049795606023981,0.32128637911154245,-2.206251374612771
1.2223619030999593,-7.003280545488433,-3.4625094097675118,1.0095068751336005,-2.637555189822732
-0.053658428815141,-7.284012958844411,-5.070500848280263,0.634128559575776,-2.519640087205794
-0.31969600374025653,-6.593434382439914,-2.2137614122489073,0.7349443448964484,-2.5096710786397285
-1.2783681524116877,-5.780781028182023,-2.2862733351461206,0.194895740429431,-2.59218542063708
-2.0821707267477834,-5.650617119417901,-2.6523032403869427,0.11434849588268903,-1.7662568660465572
-0.7085309212829097,-2.7090504161021625,-0.3162745345154612,0.15176458428591205,-1.2522412830049412
-3.8772300757019598,0.09900362510023487,0.45867863819924487,-1.8133477070633501,0.3536520900334976
0.16424809234319238,-1.3831245171439543,-1.5695883164553701,-0.023545551908955846,0.18397308398276205
1.9370180571596365,-4.242267359290478,-2.592421568504425,0.7101060141975136,-1.1773390087166467
-2.8642612751642127,-2.4665011634009675,0.1154669032896281,-1.2376872283285152,-1.6201370705693787
-1.2094860018466917,-3.6494597951255785,-1.3256760214857126,-0.26930572602142117,-2.6718148324424265
3.059270626189284,0.018948281302037254,3.4759945843661053,2.0973324789318926,-1.2078034150492842
4.2748548716713755,3.333360418733552,2.5072162514382654,2.799406077411153,-0.6025994308179872
2.650863443688254,2.663682150939451,0.36199386654099897,2.3217580360996193,-2.292539574453323
-1.3372290483176135,2.8709142099928484,0.16664485123140008,-0.3184194371190974,0.8817111934210209
-1.8970659606230997,-0.558434528672429,0.6205909982417541,-0.10917013281901931,-0.3291844376140591
1.8246707338446888,5.136262055187164,-1.3641929656990575,-0.2891935647462719,-0.6392911122316353
1.4075533794244444,4.21904066776191,-0.9635126288695857,0.7861547729878013,-0.4057352117649222
0.1565153742755578,6.107169033875268,-1.5424739697970582,0.44822007879017967,0.11689152205895009
2.480093236380667,0.9025740515025646,0.907080604685431,-0.5886958679872468,-0.060754909980064255
5.203387017218297,1.4862616681910232,2.860036571707839,0.2619342514594684,2.5386887784185106
4.2944607277256415,0.8870837471202961,0.07814145036455164,0.3662566878239914,1.5101629086455453
2.637581938801331,0.6141932550859709,-0.3143995934988393,-0.8206068467519578,1.208943503319006
3.595389608758811,1.8553083928377316,-0.5800966579133373,-1.616739595313868,1.99816720493727
-2.3106606686854216,-1.6951677626735495,-4.5700147503633,-1.9559997879433464,0.43748905761349727
0.0047354767973508405,-0.6135302330212107,-4.486721489685953,-1.3849736232944183,2.355345141502188
1.5992885999102322,-2.064407828249779,-5.2056858466696845,-0.25887430108493614,2.591706013545857
2.019901468227753,-1.0215830131252075,-6.908625592814951,-0.11701844337521143,3.777538079837791
0.7430881224617572,-1.5552537246747082,-6.68784469411015,-0.5601385775675313,2.673996935774203
4.1939824933611485,-0.5876368070947583,-5.129740033249418,0.3047189801962642,5.194092502346798
0.680340813944416,-1.6597483350839797,-5.51734861638542,-1.0176983793912018,3.4736315205025248
2.626020378161672,-0.02402721226305134,-4.785068088808741,-0.6723073995630876,3.6724108002749354
-3.7396704529662066,-0.7546395274511721,0.0294706065690059,-2.5116863355501504,1.3764684689868674
0.24195493437723092,-0.7822261071535727,-2.8380500479680557,-1.3061404836911044,1.2469148609736638
-0.529457866440954,0.6578954766640764,-3.4286298446807413,-2.4479219213484584,1.3753388125908121
1.0695293077573533,0.456747323740007,-3.6366473681320635,-1.6183970751083314,1.7276145867105104
0.44228419392186635,-0.030721676864208108,-2.2020889734578493,-1.3207200297245523,1.0638689611290544
5.437792559095196,-0.08719859015388925,0.6567821926285321,4.202078638346576,0.737696838635558
5.242103391499333,0.07174150780979155,0.2831837249036529,3.0834983052509517,0.5860584994003523
6.124960752367953,-1.605971220940798,-2.5020395926259718,3.704746422032722,2.8030347935691458
5.3741936529502405,0.15754254287219235,0.7318603115134706,4.571917577138318,-2.150126064819798
2.1737289254445598,1.8357782140087675,-0.40289464697729177,1.0751182231216003,-1.3724770759618297
1.7870124395705247,1.0145676659481468,2.997420826693427,0.5110706029968871,-1.3819996920108681
1.4107568159518569,-0.7928359809132586,3.0543659292450385,0.42516320294050886,-1.4652878260424904
2.311496272092991,4.042686196086429,0.983660767064943,-0.34019939177068276,-2.3386022859710174
0.2351717835310948,3.3033410947455524,-0.5373752531702206,-0.47629072821746016,-1.1130335422761024
2.735046268933203,1.9693331356106802,3.8196947957947787,-0.679055382245817,-0.2656693332898334
5.496746115912422,2.9263159634045137,3.4777845349547567,0.8109005846266153,0.07720676977075659
2.8292576438740547,2.5879662144506255,3.0433424127604396,-0.03634958795573933,-1.113384029722168
-0.21571675711587024,1.510444604891406,-1.382543992856332,0.21517442038572387,-0.9805984000986211
0.39379319863041184,4.2879228746896185,-1.5870785322829337,-0.07842472278292612,-1.1598595164493823
0.9505621087127485,3.879064338876982,-0.42949272670808625,0.2983021465164033,-3.3902209428800374
0.27004665029642655,3.761748778037336,-2.0494060944086923,-0.7393934624924606,-2.2274855032526215
0.5543728396312354,0.7960265537092241,-1.4939111322649614,-0.87414323947358,-1.2848114673310251
0.5041144644343291,2.7613964962126385,-1.8018670652231121,-1.0910608381185103,-1.174314284133631
0.9059454611190547,2.139354542603977,-2.460030332648871,-0.3615117382427591,0.6967083450402991
-2.0929399011713157,2.483848078411637,-1.4118720210858773,-1.991235001737429,-3.609120173632977
-2.5100476563358236,2.53481385007541,-0.8767729961519158,-1.924965973382909,-3.535565437880407
-4.660245512173389,0.462638910152412,1.8624289258718503,-1.421097210064141,0.18069260946260568
1.593046582748508,0.22534294312589498,-1.8272911591907297,-0.0678385282835227,0.0417183913347471
2.571157065645316,-0.8457504914381244,-0.49886103120425185,0.536391993041337,0.27216571669414946
2.5292109813680406,-2.1708588929957795,-0.7031469133071591,1.0356572243142355,-0.06048007482676584
-1.0493616948589923,-5.540533251643704,0.6233670392663223,-0.5837355042051876,-2.7787089089120824
-0.8739099330977071,-2.966533991430934,1.2025793358957593,-0.3631756582541972,-0.4014487780561007
-2.362731623403629,-0.8892290953926325,0.058744133686732744,-1.1271075551736875,-0.8137412748522718
0.388142712426201,0.24955357317968108,-3.421727711824049,0.8046206450477461,-1.494712744144742
-0.9274936819974586,-0.9853486843517262,-0.6105284161118268,-0.6452033352438357,-0.6454529939140368
-3.5968944048460343,0.48261770003995136,0.9526573401054566,-2.344832550688942,-1.115531160337277
-5.940885907686488,-0.4270514304513113,3.3194383451241944,-3.0487444364541227,0.04809731516582381
-2.0602412153569047,-6.011590558580481,0.004286209969046628,-0.3606073882859906,-2.7836397440516794
-0.1495850859291684,-6.7955293433932775,-1.981876280893953,1.1820450358548105,-3.0376468461436947
-2.7200915891113655,-3.8450714729244986,1.3806430427200758,-1.137156765609676,-0.36337379851549245
-2.272269364039148,-6.203246218055894,-1.530585737860028,-0.5812377351390728,-1.5415341515050263
-1.1165299664404635,-8.365264476209163,-6.141037631284025,0.02759771704687455,-3.1239343268721913
0.012921775218833089,-8.11990204792836,-3.53432612871152,1.2757417669538462,-2.466776224264571
-1.1168387290841881,-7.039193714478484,-1.756456082974464,-0.017528995093483653,-3.8198960116246137
-1.5640799540175658,-8.462302039692714,-4.663704381651835,-0.013750397589633949,-5.006145219176921
0.17970701394387276,-6.128613550248901,0.15985067483363843,0.7795742712247749,-2.9634902316978025
-1.9613316846429525,-3.2393249504359263,3.513060216249501,-2.231953278653055,-0.5480380319754397
1.0580075690614887,-5.439467779735873,0.3698323352770515,1.0486918335124977,-1.09062355371041
1.1659893847760907,-6.32567294142158,0.23624000566405914,1.2520613574559782,-2.469504273482806
-6.707872711358534,-1.1615065849856454,4.018195647152492,-2.5143291163079415,0.790541410965721
-8.451071576272762,0.8779778617131085,4.041370800857318,-3.444101410615061,0.40858630886370007
-2.532340312297603,-1.639107192193133,1.2105234284096216,-0.9376665175417181,-0.6046931248852411
-7.91973573491653,0.4998732909511356,2.519226585399138,-3.3547131609137124,1.0883323952535664
-7.373563441051901,0.664130228909462,1.589159987768905,-2.729419196691602,0.8714354683758962
-7.274601158360611,-0.3515502771413546,4.240938195872224,-3.126284162153629,0.18411605812448742
-3.8104698247525524,-1.8989169730965563,6.587854507382115,-2.9765557711825807,1.9100556266660451
-4.028825760525013,-1.3237001283464633,0.24261813685851713,-1.9875712191136081,-1.6768161386761802
-4.57123096881237,-1.3756286653585534,3.9406436549737913,-2.492743655349788,1.091741658254677
-6.233763217126054,-0.7504789948997094,1.1992466758332194,-2.4254474705167026,0.5064292572852274
-7.288529976116154,0.31377303667153456,2.1320821601934354,-3.1166537719194514,0.7240426613148133
-5.342223654501984,-0.892175555592497,-0.420171198410212,-2.409068697448076,0.11826605140034821
-0.34480406786567347,-5.138707882268427,-1.2625536928741041,-0.3481590731776297,-0.7719249835446943
-4.900563763751161,-0.597077903480668,2.1989240528719525,-2.7779471030301837,0.08188093548907828
-2.722067732761756,-0.2799599267034582,-0.5326932948089339,-1.337423131789686,-0.6735758360922939
-1.462889911272093,-2.3330028435939516,-1.2861596121404693,-0.7529048272733182,-1.6166223428060147
-0.9044888130288451,-4.674142590788717,-0.9266942258697841,-0.014093358136143581,-0.241001301270355
-0.4678679522717185,-6.340936745182807,0.6065650978415255,-0.03410130640647381,-0.8595305079398102
-3.113006534775865,-1.8573497634635507,1.1559981834498136,-1.3151255691550165,-1.579930205994192
-0.2872142086365434,-4.286486095239404,-0.6966179252239706,-0.21369407709017577,-1.5095540742623936
-4.974289235891752,-0.335705773999765,2.6935052969365527,-2.8805344463035887,-1.173008806889743
-3.7447387905103526,-0.9875803701031607,4.486556744946819,-3.6168453104483986,0.60743421072927
-3.4163388214261348,-1.8760914777670246,3.8713773594267007,-2.802680069495289,-0.38830404883982766
-0.016898906848247436,-0.8516983688078811,-0.9566976434622071,-0.6834196554946468,-0.5197409480839299
-1.0275535415865076,-1.1450911260590213,-0.7878887483666177,-0.7405457930263658,-0.6977119318891958
0.10169714343582717,-2.1997878277878726,-0.39401948405581544,0.07694167578383022,0.31231004801483847
-1.8119071158932318,-2.395873101140624,-0.30260244590869356,-0.7428343958657577,-1.102282842623554
-6.253730690060761,-1.0295375064844237,2.174613456938913,-2.914269167272744,0.9605476231179237
-2.965011318143785,-2.9552646357856833,-0.5739172084531355,-0.9660745509962806,-0.6442121615844466
-3.306968768707158,-1.9907297585013306,-1.612981142178241,-1.8407288058293565,-0.2849263377114123
-8.272817623625807,0.5307934770715717,1.1699816299106294,-2.912911735377693,0.14270054355130302
-4.2800271610248,0.974598262701039,-0.08458400996331912,-1.7850466802354519,0.14060752185878297
-3.7987492126371225,-0.9174859452930879,1.5244722449934878,-1.3209448334973857,-1.124659683896466
-11.28161832372445,6.301054066470098,3.2255273788467562,3.4627574843267084,1.0345714449303096
-9.763152332478162,5.205532393179358,2.203193019490634,3.8005692426592623,1.6124750933895768
-9.920148867984913,4.331538441354257,2.474993158749674,2.849779394757954,1.8257387210474159
-10.902454192606287,5.727765552164114,3.0102666112634235,3.3841558655196615,0.2750123578025336
-8.102695323996166,7.740629338990305,3.78254238878973,5.831247776756585,-1.3989294740845633
-8.199901122872559,7.955547024496305,3.8127787592355364,6.374470994027611,-1.6265353653963521
-9.336428456261563,6.80178416634867,4.123981512748727,4.62373563549343,-2.5483239070323958
-9.003026638250008,5.805184272175434,4.017944111585555,5.383682689258536,0.03771362106213046
-10.060725395850126,4.93956079263806,2.158958792988772,1.9029733154761292,-0.8708210146851126
-13.242435373560305,4.631663274337949,1.3171435600103063,1.3631835447155036,0.07996117514992705
-5.27087401781264,3.6643311772054363,1.7781497145360727,3.2846422177038828,0.33809690166734657
-6.084698719914369,6.388826908660134,2.747501849111393,4.966170736509129,1.3839644850228185
-4.399646200826353,8.395351637008769,1.3552788600326018,5.16972711671462,0.8789267642614532
-3.195056542300758,7.890345252225815,2.561920043822233,5.8791586258208675,1.491068733512406
-7.422123254418512,7.407117289967209,0.9816102257303911,4.106375433624267,1.1543251483426942
-6.713970538732545,5.701933791817302,1.5559877190615794,2.4499707568847313,1.0523983508974246
-4.557502144874047,5.8444696151107856,2.506132788966954,6.120977436526898,2.840481780420868
-11.048149507053258,8.739821396943338,-0.16632894047479427,3.8839491097791554,-3.4300700018972266
-9.9951893417628,8.941136353630068,-1.181648320634254,3.80606398020738,-3.439006079909103
-7.557075061189925,0.7321943562066552,-4.136741346717908,5.614912738540392,0.98997042286135
-7.53793594984206,3.9940339394204103,-3.0290305333800647,8.320717227460776,1.614724307266081
-9.42059183080774,6.7465992159358725,-1.982585463853514,9.039728894428087,-2.6777215609626026
-11.188341461455762,6.13294816175914,-2.0023640769645676,7.39028006710308,-2.186970806643032
-10.346520509414052,4.2207926205639525,-2.9757495331682877,5.909762358823102,-2.101233738859363
-9.26178739202836,4.240777798996166,3.1654710550392706,-2.103839199316551,-5.570944800044588
-7.416107079586161,0.3716368869727997,-4.922235823815463,1.2367093586514568,-12.591870523554835
-12.004109774543878,2.0895234589764002,-3.695034428611409,0.029542000398229223,-1.5714732638818758
-5.3834214871239805,-7.329412162244726,1.3150035984767274,11.330777546221938,11.569911078539116
-12.938164850683945,-2.3388415463896983,-1.021440820435718,3.5332503638027943,2.799521525682133
-7.916893884268794,-5.890376290675401,1.870105425762757,7.307676746882789,5.845630850849993
-4.937253794325834,-7.011890023316705,1.4268793516549307,5.991287484281053,5.822097741372581
-9.377498790597782,-4.332872614930078,-1.0807319155875335,3.886114090443945,4.18263950717314
-4.324724415319574,-5.843416996963453,-0.7343353944841216,6.713815738662553,5.463873301799172
-6.243766578285749,-6.996686428499233,2.2100958557489156,5.843937700739461,4.108749148798442
-12.646054184800358,-3.655637129561785,-3.8192014291089045,5.1388026595448615,6.914222778767932
-11.543414668579802,-3.113023180795318,-0.5170793346641858,3.3637421354732484,5.686316674587405
-9.199324099737197,-4.045086899285573,-2.7806325535629144,3.337035185736262,3.6617374478827873
-8.705246226923636,-5.260681701783673,-2.54085356002186,3.570878225824786,3.2585481792809783
